"Index","Open","High","Low","Close","Volume"
2000-01-02,168,177,168,176,36849
2000-01-03,178,179,174,178,42342
2000-01-04,177,178,176,178,22784
2000-01-05,176,177,173,173,27024
2000-01-06,173,175,172,173,17539
2000-01-07,172,173,167,167,18771
2000-01-08,161,167,159,166,28847
2000-01-09,168,169,164,165,17600
2000-01-10,165,172,165,172,15634
2000-01-11,172,172,167,169,17451
2000-01-12,170,174,168,173,17121
2000-01-13,172,175,172,173,22899
2000-01-14,172,173,171,172,15390
2000-01-15,174,176,171,171,50280
2000-01-16,170,172,168,170,37298
2000-01-17,168,171,167,170,31203
2000-01-18,169,171,168,170,29833
2000-01-19,168,169,166,167,32070
2000-01-20,167,170,166,169,27005
2000-01-21,169,170,168,169,18786
2000-01-22,168,169,167,168,14631
2000-01-23,169,170,169,169,15072
2000-01-24,170,172,170,171,24230
2000-01-25,173,173,171,171,19033
2000-01-26,171,173,170,172,20930
2000-01-27,174,176,174,176,20620
2000-01-28,176,176,173,174,21576
2000-01-29,172,172,171,171,24389
2000-01-30,171,172,170,171,18908
2000-01-31,170,170,166,167,21432
2000-02-01,167,167,166,166,11556
2000-02-02,168,169,165,166,20625
2000-02-03,165,165,163,164,22955
2000-02-04,165,167,164,167,20989
2000-02-05,165,167,164,166,14029
2000-02-06,164,166,164,166,34556
2000-02-07,167,167,163,164,31388
2000-02-08,162,162,159,159,48162
2000-02-09,157,160,157,157,39171
2000-02-10,159,162,158,160,29440
2000-02-11,157,158,155,157,35769
2000-02-12,154,157,154,156,36218
2000-02-13,158,158,154,155,25887
2000-02-14,155,157,153,155,33381
2000-02-15,153,155,152,153,24798
2000-02-16,153,155,152,154,18688
2000-02-17,155,156,154,154,16672
2000-02-18,157,161,157,160,27168
2000-02-19,162,163,161,162,17538
2000-02-20,159,159,155,155,17475
2000-02-21,155,157,154,156,15009
2000-02-22,157,161,157,160,15687
2000-02-23,160,163,158,162,17827
2000-02-24,164,166,162,165,19608
2000-02-25,168,170,164,164,16303
2000-02-26,162,162,159,160,16686
2000-02-27,163,169,162,168,53730
2000-02-28,170,171,167,169,43034
2000-03-01,168,170,167,170,29867
2000-03-02,170,172,169,171,26325
2000-03-03,169,170,169,169,21426
2000-03-04,170,171,170,170,17335
2000-03-05,170,171,169,170,10604
2000-03-06,170,170,169,170,8889
2000-03-07,169,169,167,167,18212
2000-03-08,167,168,166,168,21729
2000-03-09,168,170,167,170,25757
2000-03-10,170,170,168,168,26801
2000-03-11,176,179,175,178,29708
2000-03-12,179,181,178,180,22094
2000-03-13,179,181,179,181,19590
2000-03-14,182,183,181,183,23153
2000-03-15,183,184,182,183,14202
2000-03-16,188,189,185,185,24309
2000-03-17,184,184,180,180,23966
2000-03-18,178,179,175,177,19994
2000-03-19,181,183,181,183,27918
2000-03-20,184,184,182,183,32586
2000-03-21,183,184,182,184,22854
2000-03-22,184,186,183,186,26909
2000-03-23,186,187,182,182,37563
2000-03-24,183,183,179,179,33201
2000-03-25,177,180,175,179,37283
2000-03-26,173,173,171,171,36380
2000-03-27,172,174,172,173,28774
2000-03-28,172,173,171,172,21855
2000-03-29,172,174,172,173,17857
2000-03-30,175,177,175,177,17857
2000-03-31,177,177,175,175,12753
2000-04-01,174,175,173,174,12304
2000-04-02,175,176,174,174,13671
2000-04-03,174,175,173,174,13515
2000-04-04,175,175,174,174,13467
2000-04-05,175,177,175,176,14354
2000-04-06,177,178,176,177,14262
2000-04-07,175,175,173,174,20099
2000-04-08,173,175,172,174,17887
2000-04-09,174,175,170,171,14141
2000-04-10,176,176,173,173,30073
2000-04-11,173,174,173,174,21998
2000-04-12,173,174,172,173,20097
2000-04-13,173,175,172,175,20141
2000-04-14,175,175,174,174,17509
2000-04-15,174,175,173,175,15270
2000-04-16,176,177,175,175,16488
2000-04-17,176,177,176,176,14219
2000-04-18,176,176,174,175,14616
2000-04-19,174,174,172,172,19007
2000-04-20,173,174,172,173,15975
2000-04-21,173,173,172,173,13253
2000-04-22,173,174,170,170,14886
2000-04-23,171,171,167,167,18576
2000-04-24,165,165,164,164,14187
2000-04-25,166,168,165,168,12333
2000-04-26,167,167,165,165,10931
2000-04-27,163,166,163,166,17116
2000-04-28,166,166,164,164,17609
2000-04-29,163,163,159,160,22412
2000-04-30,160,161,157,158,21469
2000-05-01,162,164,162,164,28339
2000-05-02,165,165,163,163,23311
2000-05-03,162,163,160,160,41374
2000-05-04,159,159,157,158,31772
2000-05-05,158,160,157,157,20751
2000-05-06,160,160,153,154,40914
2000-05-07,153,154,150,151,33579
2000-05-08,153,154,148,149,33943
2000-05-09,151,151,148,150,21009
2000-05-10,152,154,151,153,20328
2000-05-11,158,163,156,158,35423
2000-05-12,155,157,154,154,19786
2000-05-13,151,152,147,147,23224
2000-05-14,144,149,144,147,19852
2000-05-15,145,147,144,144,16846
2000-05-16,145,148,144,147,13980
2000-05-17,149,149,146,148,17767
2000-05-18,154,159,152,157,24124
2000-05-19,155,155,152,152,25274
2000-05-20,151,158,150,156,16367
2000-05-21,161,164,160,163,47719
2000-05-22,162,164,161,163,35521
2000-05-23,163,163,160,160,25622
2000-05-24,159,160,158,159,28642
2000-05-25,158,161,158,161,31157
2000-05-26,163,164,160,161,32326
2000-05-27,163,164,161,163,23708
2000-05-28,162,162,160,160,15253
2000-05-29,160,160,155,156,30619
2000-05-30,155,157,152,152,36809
2000-05-31,149,151,149,150,24837
2000-06-01,152,153,151,152,14010
2000-06-02,155,159,155,158,19438
2000-06-03,157,157,156,156,9922
2000-06-04,154,157,154,157,12974
2000-06-05,156,158,155,157,11775
2000-06-06,156,157,154,155,14836
2000-06-07,154,156,153,156,13595
2000-06-08,156,156,154,154,11413
2000-06-09,154,155,154,154,11945
2000-06-10,155,156,155,155,18411
2000-06-11,157,157,156,157,16664
2000-06-12,157,158,156,157,18786
2000-06-13,158,158,156,157,26613
2000-06-14,157,157,156,156,20763
2000-06-15,155,156,152,153,34289
2000-06-16,153,153,152,153,21924
2000-06-17,153,153,151,152,22318
2000-06-18,151,153,151,152,20869
2000-06-19,153,154,151,151,26567
2000-06-20,151,152,150,150,24997
2000-06-21,150,150,147,147,23056
2000-06-22,146,146,142,142,29656
2000-06-23,141,143,141,141,26638
2000-06-24,143,145,141,144,22939
2000-06-25,145,146,140,141,29822
2000-06-26,139,145,137,144,27564
2000-06-27,145,147,143,145,25551
2000-06-28,151,154,150,154,27202
2000-06-29,151,151,148,149,20226
2000-06-30,148,148,145,145,12697
2000-07-01,143,148,143,147,22900
2000-07-02,148,151,148,150,22991
2000-07-03,150,150,150,150,4569
2000-07-04,146,146,144,146,34625
2000-07-05,146,147,140,141,44759
2000-07-06,143,146,140,142,38457
2000-07-07,139,142,138,141,44227
2000-07-08,141,142,140,141,29903
2000-07-09,139,139,138,139,23359
2000-07-10,137,138,132,133,37307
2000-07-11,131,133,130,130,29608
2000-07-12,132,133,130,130,19821
2000-07-13,127,128,122,126,28656
2000-07-14,127,129,125,126,19453
2000-07-15,127,129,126,129,14727
2000-07-16,131,138,131,136,21980
2000-07-17,136,137,133,135,16006
2000-07-18,134,142,134,141,18632
2000-07-19,139,142,138,142,12438
2000-07-20,141,149,141,149,13512
2000-07-21,152,152,149,152,11933
2000-07-22,148,149,145,146,19013
2000-07-23,149,155,149,154,17545
2000-07-24,152,153,142,146,18458
2000-07-25,146,149,143,143,57300
2000-07-26,135,136,131,131,52932
2000-07-27,131,133,131,132,43175
2000-07-28,135,136,131,134,42792
2000-07-29,134,137,132,136,28046
2000-07-30,138,139,137,138,31663
2000-07-31,138,139,135,135,20645
2000-08-01,133,135,133,134,23172
2000-08-02,135,137,134,137,27532
2000-08-03,137,139,136,139,22634
2000-08-04,140,142,140,140,24239
2000-08-05,141,142,139,140,17133
2000-08-06,138,139,137,138,19446
2000-08-07,136,139,135,138,24152
2000-08-08,139,142,139,139,26491
2000-08-09,140,141,139,139,16078
2000-08-10,140,143,140,142,21466
2000-08-11,143,143,138,139,19574
2000-08-12,139,140,136,136,21366
2000-08-13,134,136,132,132,29550
2000-08-14,134,140,132,136,15741
2000-08-15,130,131,129,129,29020
2000-08-16,136,144,132,138,85598
2000-08-17,142,146,139,139,32821
2000-08-18,155,158,149,150,78551
2000-08-19,149,152,147,149,48342
2000-08-20,150,153,149,153,37312
2000-08-21,155,157,154,156,48629
2000-08-22,154,157,154,156,25616
2000-08-23,155,156,153,153,23784
2000-08-24,152,154,152,154,26505
2000-08-25,155,157,155,157,24547
2000-08-26,159,159,153,154,28674
2000-08-27,155,158,154,158,22846
2000-08-28,158,160,158,160,17976
2000-08-29,160,161,158,160,22081
2000-08-30,159,164,159,163,21128
2000-08-31,163,164,161,163,20822
2000-09-01,163,168,163,167,21906
2000-09-02,167,168,162,163,20733
2000-09-03,162,182,160,177,20816
2000-09-04,163,164,162,163,40717
2000-09-05,163,165,162,164,12008
2000-09-06,165,167,164,166,12261
2000-09-07,168,170,168,169,22222
2000-09-08,168,170,167,169,21613
2000-09-09,168,170,167,167,22750
2000-09-10,168,172,168,172,17855
2000-09-11,172,173,171,173,24062
2000-09-12,173,174,170,170,35884
2000-09-13,171,174,171,174,25732
2000-09-14,175,176,174,175,26328
2000-09-15,176,178,175,177,22330
2000-09-16,176,177,174,176,23691
2000-09-17,178,181,178,181,24766
2000-09-18,180,182,178,181,27155
2000-09-19,182,186,181,184,25784
2000-09-20,183,189,183,188,25745
2000-09-21,188,192,188,189,21715
2000-09-22,190,193,188,192,20252
2000-09-23,194,194,191,192,15375
2000-09-24,191,197,187,188,18984
2000-09-25,182,182,173,173,53603
2000-09-26,172,177,172,175,49833
2000-09-27,178,182,177,181,51573
2000-09-28,184,184,176,177,51055
2000-09-29,178,178,175,177,34944
2000-09-30,176,176,172,172,45903
2000-10-01,174,175,169,170,41840
2000-10-02,169,175,169,175,42783
2000-10-03,175,178,173,177,32007
2000-10-04,176,179,174,175,27531
2000-10-05,176,176,172,173,22628
2000-10-06,173,177,172,177,27213
2000-10-07,176,177,174,174,21999
2000-10-08,174,174,172,173,24696
2000-10-09,174,174,170,171,29463
2000-10-10,171,176,170,175,21864
2000-10-11,176,177,173,174,19789
2000-10-12,176,182,175,182,28033
2000-10-13,183,184,181,183,21617
2000-10-14,183,185,182,185,17917
2000-10-15,187,189,183,185,24131
2000-10-16,176,178,175,178,35706
2000-10-17,178,179,177,178,29845
2000-10-18,177,181,176,180,33241
2000-10-19,181,183,181,181,33548
2000-10-20,181,182,180,181,32969
2000-10-21,182,183,181,182,34477
2000-10-22,183,187,183,187,43729
2000-10-23,187,188,185,185,41050
2000-10-24,187,188,186,186,24171
2000-10-25,186,187,182,183,35054
2000-10-26,182,186,181,185,33240
2000-10-27,185,187,184,185,27738
2000-10-28,185,185,182,185,26951
2000-10-29,185,190,185,190,28171
2000-10-30,191,193,190,192,23345
2000-10-31,195,199,194,197,34911
2000-11-01,197,198,195,198,25664
2000-11-02,199,203,199,203,28003
2000-11-03,203,203,193,195,26525
2000-11-04,194,200,194,200,48870
2000-11-05,198,201,197,200,42258
2000-11-06,200,202,198,201,33450
2000-11-07,204,209,204,205,45879
2000-11-08,202,202,197,199,43012
2000-11-09,199,202,198,202,35895
2000-11-10,205,209,204,208,54528
2000-11-11,211,214,201,201,65378
2000-11-12,204,206,199,199,55058
2000-11-13,201,205,201,204,40845
2000-11-14,205,205,198,199,42240
2000-11-15,198,200,195,198,41005
2000-11-16,199,201,199,200,25971
2000-11-17,200,206,199,205,39794
2000-11-18,207,208,205,206,23332
2000-11-19,205,206,203,206,16722
2000-11-20,208,208,202,202,27310
2000-11-21,203,207,201,206,18089
2000-11-22,206,212,205,212,21710
2000-11-23,210,215,210,215,30487
2000-11-24,225,229,223,226,30439
2000-11-25,229,253,228,246,31061
2000-11-26,212,213,209,213,43619
2000-11-27,211,213,205,206,43640
2000-11-28,206,215,206,214,55183
2000-11-29,214,216,209,211,53263
2000-11-30,211,212,207,209,37359
2000-12-01,206,207,203,204,47893
2000-12-02,204,207,203,206,27477
2000-12-03,204,204,197,198,50685
2000-12-04,198,201,195,201,44636
2000-12-05,204,206,202,205,39548
2000-12-06,203,204,199,200,26883
2000-12-07,198,198,193,194,39741
2000-12-08,196,199,196,197,32548
2000-12-09,195,196,193,195,32809
2000-12-10,197,202,197,200,37545
2000-12-11,200,201,198,200,28641
2000-12-12,200,205,200,205,23226
2000-12-13,206,213,206,207,43807
2000-12-14,204,205,199,201,33938
2000-12-15,202,204,200,202,21694
2000-12-16,203,208,203,206,21814
2000-12-17,202,210,201,209,22687
2000-12-18,209,209,209,209,10092
2000-12-19,192,197,192,196,72445
2000-12-20,195,197,194,194,38267
2000-12-21,193,196,192,195,31695
2000-12-22,195,199,194,199,34598
2000-12-23,200,200,197,199,33131
2000-12-24,198,200,197,198,25237
2000-12-25,196,202,195,201,35513
2000-12-26,204,205,202,205,31040
2000-12-27,204,205,203,204,34411
2000-12-28,201,203,195,196,54518
2000-12-29,196,200,194,200,34573
2000-12-30,200,201,198,198,28121
2000-12-31,196,196,192,192,30139
2001-01-01,193,195,191,193,32095
2001-01-02,196,203,196,202,38481
2001-01-03,201,210,200,205,30043
2001-01-04,204,204,197,199,23214
2001-01-05,199,209,196,208,21623
2001-01-06,210,213,190,195,18158
2001-01-07,188,194,187,193,51094
2001-01-08,194,195,190,193,45173
2001-01-09,195,197,194,197,31985
2001-01-10,198,203,197,202,46174
2001-01-11,201,206,200,204,39838
2001-01-12,202,203,200,200,40117
2001-01-13,199,205,199,202,36630
2001-01-14,203,203,201,202,17152
2001-01-15,205,210,205,207,37053
2001-01-16,210,210,202,203,46503
2001-01-17,204,208,202,207,25974
2001-01-18,207,207,203,203,29676
2001-01-19,204,206,202,205,25119
2001-01-20,207,208,201,201,38440
2001-01-21,203,204,201,203,30086
2001-01-22,204,205,201,203,23070
2001-01-23,202,205,200,204,21617
2001-01-24,204,206,203,203,20328
2001-01-25,200,202,198,198,23174
2001-01-26,197,200,195,199,22142
2001-01-27,196,197,194,195,21892
2001-01-28,192,192,187,187,50932
2001-01-29,187,188,185,185,47417
2001-01-30,184,185,182,183,40317
2001-01-31,185,186,181,181,33559
2001-02-01,182,182,178,179,32394
2001-02-02,180,185,179,183,41113
2001-02-03,184,184,178,180,38212
2001-02-04,178,183,177,182,39522
2001-02-05,183,185,181,182,34238
2001-02-06,182,182,180,180,19444
2001-02-07,180,180,178,179,21988
2001-02-08,180,181,180,181,16808
2001-02-09,181,182,180,182,21012
2001-02-10,183,187,183,185,33398
2001-02-11,187,188,184,184,24030
2001-02-12,183,186,182,185,18456
2001-02-13,186,187,185,186,17326
2001-02-14,188,189,187,189,18707
2001-02-15,190,191,186,186,21791
2001-02-16,186,188,185,188,12437
2001-02-17,189,191,188,190,19423
2001-02-18,191,191,188,190,19954
2001-02-19,186,188,185,188,27009
2001-02-20,187,187,185,186,28098
2001-02-21,185,185,184,185,19293
2001-02-22,185,186,185,186,10695
2001-02-23,186,187,186,186,18221
2001-02-24,186,188,185,188,21180
2001-02-25,188,190,187,188,27651
2001-02-26,188,189,187,188,13991
2001-02-27,189,191,189,190,21877
2001-02-28,192,194,192,192,33132
2001-03-01,193,194,193,194,28552
2001-03-02,193,197,192,197,32029
2001-03-03,196,199,196,197,31488
2001-03-04,196,197,195,197,19728
2001-03-05,197,200,197,198,30426
2001-03-06,199,200,197,197,33714
2001-03-07,196,199,196,199,18231
2001-03-08,200,200,198,198,25517
2001-03-09,197,198,195,195,22590
2001-03-10,195,198,194,196,25452
2001-03-11,199,199,196,196,44673
2001-03-12,196,196,192,192,45127
2001-03-13,190,195,190,194,45539
2001-03-14,193,196,192,195,38080
2001-03-15,196,197,192,195,43715
2001-03-16,196,199,196,198,28019
2001-03-17,199,201,199,201,28353
2001-03-18,201,202,199,200,25169
2001-03-19,199,202,199,201,28742
2001-03-20,200,202,199,201,28708
2001-03-21,199,199,197,199,26995
2001-03-22,199,200,198,198,14577
2001-03-23,198,200,198,200,5774
2001-03-24,201,202,200,201,23066
2001-03-25,203,204,202,202,21742
2001-03-26,203,205,203,204,18698
2001-03-27,206,209,205,208,36336
2001-03-28,206,207,203,205,21125
2001-03-29,208,208,206,207,18748
2001-03-30,208,209,204,205,27648
2001-03-31,204,206,203,204,23263
2001-04-01,204,204,199,199,22829
2001-04-02,199,199,199,199,5706
2001-04-03,198,198,196,197,35289
2001-04-04,198,198,195,196,31810
2001-04-05,194,195,193,193,42680
2001-04-06,195,198,194,197,32525
2001-04-07,198,198,196,197,26009
2001-04-08,197,199,196,199,27154
2001-04-09,199,201,199,200,34587
2001-04-10,201,203,199,200,40329
2001-04-11,200,202,199,202,26971
2001-04-12,203,203,199,201,27284
2001-04-13,200,201,199,200,27044
2001-04-14,199,199,197,198,34642
2001-04-15,199,200,197,199,28697
2001-04-16,199,199,197,198,23449
2001-04-17,197,197,195,195,21205
2001-04-18,195,196,194,195,17006
2001-04-19,195,197,194,196,20194
2001-04-20,197,198,197,198,22185
2001-04-21,199,199,197,199,15251
2001-04-22,197,200,197,199,37505
2001-04-23,199,200,199,199,27998
2001-04-24,199,200,197,198,24911
2001-04-25,198,199,196,196,24209
2001-04-26,197,197,191,192,51542
2001-04-27,193,194,192,194,30391
2001-04-28,195,199,194,198,36038
2001-04-29,198,203,198,203,46559
2001-04-30,204,206,202,202,38304
2001-05-01,203,203,201,203,24516
2001-05-02,202,205,202,204,23502
2001-05-03,206,206,204,205,22207
2001-05-04,204,205,202,204,19541
2001-05-05,206,208,205,207,27085
2001-05-06,205,208,205,206,24305
2001-05-07,208,209,206,207,28981
2001-05-08,207,209,205,206,24598
2001-05-09,207,212,206,211,26329
2001-05-10,212,223,212,222,31803
2001-05-11,223,229,217,223,28766
2001-05-12,215,216,211,212,41627
2001-05-13,211,215,210,215,39380
2001-05-14,215,216,210,212,27533
2001-05-15,214,221,213,219,33694
2001-05-16,219,220,216,217,40285
2001-05-17,218,219,213,215,30003
2001-05-18,216,219,215,218,22868
2001-05-19,218,228,217,228,45177
2001-05-20,232,238,230,236,50061
2001-05-21,238,239,228,234,53070
2001-05-22,234,237,230,230,39720
2001-05-23,226,226,215,216,50051
2001-05-24,215,221,214,220,35340
2001-05-25,224,229,222,229,37017
2001-05-26,227,231,225,231,23215
2001-05-27,232,234,230,231,29499
2001-05-28,230,230,223,223,25593
2001-05-29,221,229,219,227,30622
2001-05-30,223,225,218,221,34282
2001-05-31,223,228,223,227,21495
2001-06-01,230,238,229,236,26532
2001-06-02,237,242,222,225,27980
2001-06-03,215,216,213,216,35873
2001-06-04,213,219,212,215,42542
2001-06-05,218,223,216,222,48349
2001-06-06,221,226,219,225,43018
2001-06-07,225,228,223,228,28295
2001-06-08,227,227,223,224,35596
2001-06-09,221,227,221,226,39878
2001-06-10,226,228,224,227,30501
2001-06-11,227,230,226,230,30530
2001-06-12,230,230,223,223,35857
2001-06-13,224,227,223,225,29517
2001-06-14,223,224,221,223,37489
2001-06-15,222,224,220,220,32382
2001-06-16,220,220,217,217,40455
2001-06-17,217,220,216,220,28390
2001-06-18,220,224,218,219,33481
2001-06-19,218,221,217,220,23229
2001-06-20,221,229,221,228,29578
2001-06-21,227,229,222,224,25469
2001-06-22,223,223,220,221,31353
2001-06-23,221,221,221,221,0
2001-06-24,218,219,216,217,39496
2001-06-25,216,216,214,214,38853
2001-06-26,216,219,214,217,31421
2001-06-27,218,219,215,215,23485
2001-06-28,215,217,214,215,26589
2001-06-29,217,217,211,211,43320
2001-06-30,212,213,210,213,29353
2001-07-01,213,216,212,215,22042
2001-07-02,216,216,212,213,23687
2001-07-03,212,212,209,209,33255
2001-07-04,207,208,206,207,24873
2001-07-05,209,210,204,204,27404
2001-07-06,203,204,200,202,23567
2001-07-07,203,205,201,202,16583
2001-07-08,201,203,200,200,17103
2001-07-09,201,204,201,203,16725
2001-07-10,203,203,200,200,13804
2001-07-11,196,197,194,196,22624
2001-07-12,196,197,190,192,20772
2001-07-13,198,200,198,199,34604
2001-07-14,200,201,199,200,31470
2001-07-15,200,204,200,203,35664
2001-07-16,205,206,203,204,29672
2001-07-17,204,205,202,204,22374
2001-07-18,204,204,200,200,28074
2001-07-19,200,203,199,200,30901
2001-07-20,201,203,201,202,20489
2001-07-21,202,205,201,204,24928
2001-07-22,204,205,202,203,18627
2001-07-23,202,202,197,197,34474
2001-07-24,198,198,193,194,43202
2001-07-25,195,196,191,191,33426
2001-07-26,190,190,184,184,30630
2001-07-27,184,185,175,176,27979
2001-07-28,173,184,162,180,38089
2001-07-29,185,185,176,177,22698
2001-07-30,179,180,176,178,17212
2001-07-31,180,181,173,174,20462
2001-08-01,172,172,166,169,24513
2001-08-02,175,181,172,180,30111
2001-08-03,183,184,175,179,21997
2001-08-04,190,194,189,190,48466
2001-08-05,193,194,189,190,53477
2001-08-06,187,188,185,186,44002
2001-08-07,187,188,184,184,29401
2001-08-08,184,185,183,185,13191
2001-08-09,186,188,184,185,34217
2001-08-10,185,189,183,188,38675
2001-08-11,189,191,186,186,42228
2001-08-12,187,188,179,179,54602
2001-08-13,179,182,178,179,39163
2001-08-14,179,183,179,182,23811
2001-08-15,184,185,182,182,32563
2001-08-16,184,190,183,189,42659
2001-08-17,189,193,187,190,45776
2001-08-18,189,190,188,189,27962
2001-08-19,190,197,190,197,42488
2001-08-20,196,197,194,195,33612
2001-08-21,196,196,190,190,27937
2001-08-22,190,190,187,188,27638
2001-08-23,188,190,186,187,22092
2001-08-24,186,186,182,182,24520
2001-08-25,189,191,187,189,43014
2001-08-26,185,186,179,181,71284
2001-08-27,182,182,177,178,47159
2001-08-28,180,181,176,178,40659
2001-08-29,176,180,174,179,45221
2001-08-30,182,184,180,180,37160
2001-08-31,176,176,173,174,47188
2001-09-01,175,176,172,175,34298
2001-09-02,175,177,171,171,38970
2001-09-03,167,168,164,166,54595
2001-09-04,163,170,163,169,47193
2001-09-05,171,173,166,166,51816
2001-09-06,166,168,165,167,26339
2001-09-07,167,168,166,168,25364
2001-09-08,170,175,170,175,38124
2001-09-09,172,177,171,175,31686
2001-09-10,178,179,170,171,39393
2001-09-11,170,172,165,166,33453
2001-09-12,166,166,159,159,37547
2001-09-13,162,162,155,156,34282
2001-09-14,154,154,150,153,30162
2001-09-15,169,171,165,169,18397
2001-09-16,170,175,170,174,46417
2001-09-17,175,176,172,173,46231
2001-09-18,172,173,171,171,36766
2001-09-19,170,170,166,166,49815
2001-09-20,167,173,167,171,44410
2001-09-21,172,173,169,170,34830
2001-09-22,170,173,166,167,44960
2001-09-23,168,169,167,168,25938
2001-09-24,166,166,162,165,34824
2001-09-25,166,167,164,164,24887
2001-09-26,162,166,160,165,41434
2001-09-27,167,170,167,169,55552
2001-09-28,172,175,171,174,49342
2001-09-29,175,185,172,184,72137
2001-09-30,185,190,180,183,53815
2001-10-01,187,188,184,186,33268
2001-10-02,183,186,181,186,27566
2001-10-03,185,188,183,185,22919
2001-10-04,185,195,184,189,34939
2001-10-05,189,197,188,196,23012
2001-10-06,204,206,201,205,44354
2001-10-07,208,209,204,205,49869
2001-10-08,205,206,202,203,43792
2001-10-09,201,205,199,203,46581
2001-10-10,205,205,200,200,43463
2001-10-11,201,203,199,202,31881
2001-10-12,203,207,203,206,40058
2001-10-13,208,216,207,215,49918
2001-10-14,232,238,223,231,81956
2001-10-15,242,262,237,244,92724
2001-10-16,272,282,267,280,94202
2001-10-17,275,290,265,283,101482
2001-10-18,273,277,253,259,60651
2001-10-19,255,266,253,256,37577
2001-10-20,258,266,256,262,33075
2001-10-21,265,274,260,264,52073
2001-10-22,259,267,256,264,33700
2001-10-23,268,275,267,273,31768
2001-10-24,278,287,278,286,32752
2001-10-25,288,292,284,285,27541
2001-10-26,288,290,276,284,28262
2001-10-27,290,313,290,312,69375
2001-10-28,308,323,306,319,72993
2001-10-29,312,316,307,309,47904
2001-10-30,285,293,260,269,79131
2001-10-31,272,279,267,278,51261
2001-11-01,266,268,253,259,65682
2001-11-02,265,275,265,267,48842
2001-11-03,273,277,271,273,35110
2001-11-04,282,293,282,291,51137
2001-11-05,293,299,289,297,47064
2001-11-06,304,315,304,314,49760
2001-11-07,303,308,299,300,45028
2001-11-08,285,316,283,313,44765
2001-11-09,308,317,304,307,43645
2001-11-10,308,311,300,309,30916
2001-11-11,313,314,308,310,31483
2001-11-12,317,322,313,317,36352
2001-11-13,328,338,325,336,36539
2001-11-14,330,337,326,334,29800
2001-11-15,323,333,322,331,35061
2001-11-16,329,350,327,347,32425
2001-11-17,340,356,340,354,51742
2001-11-18,372,392,369,382,72853
2001-11-19,373,389,371,375,54123
2001-11-20,367,390,364,386,62003
2001-11-21,376,401,376,395,50089
2001-11-22,397,399,386,395,33781
2001-11-23,385,386,358,370,64397
2001-11-24,357,364,338,339,70477
2001-11-25,348,374,343,373,66938
2001-11-26,374,382,363,369,56606
2001-11-27,378,383,372,379,43115
2001-11-28,377,394,377,389,38235
2001-11-29,402,409,401,404,56796
2001-11-30,408,411,380,386,54819
2001-12-01,396,407,392,404,55928
2001-12-02,402,406,385,396,59607
2001-12-03,390,390,372,379,50308
2001-12-04,379,390,371,388,44822
2001-12-05,388,389,362,367,42642
2001-12-06,353,372,344,368,64457
2001-12-07,345,355,335,337,75079
2001-12-08,305,310,279,283,87429
2001-12-09,300,302,283,293,57470
2001-12-10,303,316,301,310,69799
2001-12-11,323,344,322,342,75023
2001-12-12,353,354,328,330,61091
2001-12-13,344,348,339,346,45827
2001-12-14,356,357,342,345,43393
2001-12-15,340,354,334,352,52555
2001-12-16,352,358,344,351,51042
2001-12-17,347,348,339,340,30840
2001-12-18,328,335,318,319,57986
2001-12-19,320,329,317,326,50294
2001-12-20,324,354,323,353,55116
2001-12-21,348,358,340,355,58060
2001-12-22,349,354,338,338,35671
2001-12-23,328,328,316,318,47887
2001-12-24,321,337,320,331,42533
2001-12-25,332,334,309,311,47775
2001-12-26,316,318,301,311,47629
2001-12-27,299,303,292,297,37765
2001-12-28,289,318,285,315,37029
2001-12-29,304,307,288,289,39394
2001-12-30,296,302,295,296,33632
2001-12-31,339,342,329,329,43906
2002-01-01,327,334,323,328,35883
2002-01-02,328,334,321,332,30662
2002-01-03,333,337,327,329,35774
2002-01-04,327,328,287,288,77541
2002-01-05,292,304,290,291,50897
2002-01-06,299,309,291,306,42125
2002-01-07,297,304,271,272,57683
2002-01-08,260,267,252,264,47146
2002-01-09,269,270,263,265,31579
2002-01-10,276,276,268,269,20939
2002-01-11,266,267,256,264,31841
2002-01-12,260,267,252,253,37306
2002-01-13,256,270,253,264,39195
2002-01-14,270,281,261,265,41767
2002-01-15,276,278,268,270,33454
2002-01-16,271,288,267,278,30245
2002-01-17,269,274,268,269,30510
2002-01-18,268,271,262,263,20649
2002-01-19,264,267,258,259,19855
2002-01-20,270,273,268,272,14642
2002-01-21,270,271,267,270,14297
2002-01-22,271,278,271,275,17794
2002-01-23,281,284,263,264,38738
2002-01-24,258,262,249,254,47311
2002-01-25,257,280,257,276,42742
2002-01-26,273,277,264,271,43986
2002-01-27,255,310,233,272,63944
2002-01-28,279,289,275,277,39096
2002-01-29,277,282,272,272,29808
2002-01-30,315,320,303,307,35986
2002-01-31,314,314,299,300,29081
2002-02-01,312,327,310,320,27365
2002-02-02,245,245,211,214,22608
2002-02-03,222,225,180,192,20843
2002-02-04,207,217,206,213,18301
2002-02-05,227,249,227,241,20359
2002-02-06,228,235,218,220,46456
2002-02-07,216,222,210,217,32001
2002-02-08,218,220,212,213,22363
2002-02-09,211,213,208,209,19660
2002-02-10,208,219,208,218,28894
2002-02-11,222,223,209,209,36529
2002-02-12,213,217,212,215,29908
2002-02-13,219,219,212,213,21020
2002-02-14,213,214,208,211,23420
2002-02-15,212,212,206,206,31349
2002-02-16,208,216,208,214,39053
2002-02-17,218,218,210,212,35783
2002-02-18,212,220,212,219,34407
2002-02-19,218,226,217,224,35840
2002-02-20,227,230,220,229,35728
2002-02-21,225,229,222,225,28943
2002-02-22,224,224,221,223,26030
2002-02-23,215,218,207,208,41124
2002-02-24,205,211,198,200,42951
2002-02-25,202,209,202,204,30973
2002-02-26,190,197,184,185,36757
2002-02-27,185,187,176,179,48592
2002-02-28,176,183,174,179,34766
2002-03-01,187,189,186,188,29825
2002-03-02,193,195,190,191,32221
2002-03-03,190,194,188,193,23272
2002-03-04,198,203,196,202,43404
2002-03-05,200,206,199,204,38788
2002-03-06,206,207,196,197,44963
2002-03-07,195,200,193,194,35790
2002-03-08,193,196,192,193,29235
2002-03-09,189,192,187,189,28439
2002-03-10,190,197,185,196,38844
2002-03-11,201,205,200,204,33548
2002-03-12,201,205,199,202,29611
2002-03-13,199,202,198,200,20553
2002-03-14,198,199,196,197,28378
2002-03-15,201,208,200,206,36127
2002-03-16,206,208,202,203,28879
2002-03-17,200,206,198,204,42077
2002-03-18,204,204,200,201,29871
2002-03-19,198,199,196,196,25844
2002-03-20,194,199,193,197,41241
2002-03-21,197,198,192,194,44738
2002-03-22,193,197,192,196,33971
2002-03-23,195,197,192,192,25806
2002-03-24,192,197,191,197,36111
2002-03-25,197,198,193,194,41215
2002-03-26,196,200,195,199,37942
2002-03-27,199,200,198,199,26052
2002-03-28,201,204,201,203,32703
2002-03-29,203,204,201,202,29808
2002-03-30,207,211,207,210,48397
2002-03-31,215,215,208,208,46065
2002-04-01,212,215,210,214,37542
2002-04-02,213,219,212,219,36110
2002-04-03,217,218,215,216,35548
2002-04-04,217,218,215,217,26166
2002-04-05,214,214,209,210,30538
2002-04-06,211,212,208,211,26500
2002-04-07,213,218,212,216,33678
2002-04-08,217,217,208,208,67100
2002-04-09,207,212,206,209,60843
2002-04-10,210,212,208,211,42515
2002-04-11,210,213,209,212,33257
2002-04-12,214,215,211,212,33851
2002-04-13,212,212,209,209,32573
2002-04-14,208,214,208,212,48747
2002-04-15,212,213,211,211,36931
2002-04-16,211,213,211,213,26944
2002-04-17,213,217,212,216,36402
2002-04-18,216,217,215,216,37090
2002-04-19,216,218,215,217,36852
2002-04-20,219,221,218,219,52319
2002-04-21,216,216,211,212,53125
2002-04-22,211,213,208,209,42411
2002-04-23,210,210,206,207,49616
2002-04-24,207,209,206,209,38588
2002-04-25,210,210,207,208,28223
2002-04-26,208,212,208,211,28267
2002-04-27,213,214,212,213,22100
2002-04-28,214,217,211,214,40050
2002-04-29,209,209,207,208,43527
2002-04-30,209,210,209,210,29202
2002-05-01,210,212,210,211,23286
2002-05-02,212,214,212,213,22282
2002-05-03,212,213,211,211,28733
2002-05-04,211,213,209,213,33939
2002-05-05,213,214,211,211,30081
2002-05-06,211,212,211,211,22308
2002-05-07,211,211,208,210,28672
2002-05-08,208,208,204,204,43546
2002-05-09,203,203,200,203,47701
2002-05-10,204,204,202,202,27661
2002-05-11,202,203,198,198,27159
2002-05-12,198,199,197,199,27196
2002-05-13,197,200,196,200,35630
2002-05-14,201,201,196,197,26462
2002-05-15,197,198,196,196,21128
2002-05-16,197,201,197,199,27033
2002-05-17,201,202,200,201,27904
2002-05-18,201,202,198,199,32155
2002-05-19,200,202,198,201,21969
2002-05-20,201,203,200,202,25159
2002-05-21,201,201,199,199,19629
2002-05-22,199,201,199,200,31819
2002-05-23,200,201,200,200,22591
2002-05-24,201,205,201,204,37562
2002-05-25,204,207,203,205,37337
2002-05-26,204,207,204,207,32247
2002-05-27,207,208,206,208,26350
2002-05-28,207,208,206,206,27722
2002-05-29,210,212,210,212,33736
2002-05-30,211,213,210,212,42323
2002-05-31,213,214,212,214,34766
2002-06-01,213,213,212,212,25407
2002-06-02,215,219,215,217,46960
2002-06-03,216,218,214,214,37267
2002-06-04,217,219,216,216,32617
2002-06-05,217,222,216,221,32077
2002-06-06,220,222,218,219,29370
2002-06-07,220,222,218,221,29287
2002-06-08,220,220,215,217,29837
2002-06-09,215,215,212,213,64815
2002-06-10,212,215,211,215,54808
2002-06-11,214,215,213,214,37991
2002-06-12,215,216,214,214,26932
2002-06-13,215,215,212,213,25469
2002-06-14,212,215,211,214,37874
2002-06-15,216,217,215,216,38092
2002-06-16,216,218,212,212,47186
2002-06-17,213,214,212,213,30943
2002-06-18,213,215,213,214,26656
2002-06-19,215,215,212,213,35917
2002-06-20,214,215,210,213,61143
2002-06-21,215,217,214,215,44653
2002-06-22,215,218,214,216,30705
2002-06-23,217,218,216,216,26771
2002-06-24,216,216,215,215,22753
2002-06-25,215,215,211,212,36115
2002-06-26,213,214,211,214,28270
2002-06-27,214,215,212,213,19974
2002-06-28,230,231,221,224,36588
2002-06-29,224,228,222,222,31802
2002-06-30,216,218,214,215,51146
2002-07-01,215,217,215,217,28706
2002-07-02,218,218,217,218,25029
2002-07-03,218,220,218,219,20358
2002-07-04,219,220,218,219,21851
2002-07-05,219,219,217,217,27955
2002-07-06,218,220,217,219,23488
2002-07-07,221,222,220,222,29261
2002-07-08,221,222,220,222,17898
2002-07-09,221,221,217,218,55240
2002-07-10,217,217,216,216,39831
2002-07-11,217,218,214,215,32915
2002-07-12,214,214,212,213,44721
2002-07-13,214,215,213,214,29441
2002-07-14,214,216,212,216,41111
2002-07-15,216,217,215,215,29314
2002-07-16,216,217,215,216,25956
2002-07-17,217,218,216,218,28208
2002-07-18,217,218,215,216,31195
2002-07-19,219,219,218,218,23137
2002-07-20,218,218,217,217,27869
2002-07-21,218,220,217,219,28853
2002-07-22,219,221,219,220,41283
2002-07-23,220,223,219,221,68251
2002-07-24,221,222,219,222,45947
2002-07-25,222,222,220,222,36396
2002-07-26,222,224,222,223,38288
2002-07-27,222,223,221,222,24969
2002-07-28,221,222,220,222,25811
2002-07-29,220,224,220,223,34409
2002-07-30,225,227,225,226,35958
2002-07-31,225,227,225,226,28970
2002-08-01,225,230,225,229,41840
2002-08-02,229,230,227,229,51273
2002-08-03,231,233,230,231,55260
2002-08-04,229,230,228,229,37385
2002-08-05,229,231,229,230,26949
2002-08-06,232,234,232,234,22832
2002-08-07,235,238,233,238,52517
2002-08-08,238,240,234,236,46108
2002-08-09,237,239,237,239,25233
2002-08-10,240,241,240,241,27471
2002-08-11,240,241,238,240,38469
2002-08-12,237,237,233,234,33424
2002-08-13,235,235,232,232,50812
2002-08-14,230,235,229,234,57528
2002-08-15,235,236,230,231,56743
2002-08-16,229,233,228,232,47766
2002-08-17,231,232,230,231,39648
2002-08-18,232,233,230,231,46413
2002-08-19,232,233,231,233,31397
2002-08-20,235,238,234,238,50249
2002-08-21,238,240,236,238,49604
2002-08-22,236,239,236,237,43775
2002-08-23,236,237,233,234,48612
2002-08-24,234,235,231,232,49926
2002-08-25,232,233,229,230,51695
2002-08-26,230,230,225,225,56532
2002-08-27,226,226,223,225,47000
2002-08-28,227,228,223,223,44023
2002-08-29,221,225,220,225,43735
2002-08-30,224,229,223,227,37983
2002-08-31,228,228,222,224,26601
2002-09-01,222,224,219,220,34108
2002-09-02,217,223,216,222,34543
2002-09-03,221,222,217,217,41941
2002-09-04,216,218,211,212,75752
2002-09-05,213,214,211,214,40078
2002-09-06,212,215,209,210,68681
2002-09-07,212,213,210,213,40893
2002-09-08,213,214,210,210,35469
2002-09-09,211,212,204,205,79174
2002-09-10,206,208,203,207,56514
2002-09-11,208,209,203,203,51765
2002-09-12,204,205,200,200,50151
2002-09-13,198,199,193,194,53175
2002-09-14,195,197,191,194,55556
2002-09-15,190,199,189,195,66468
2002-09-16,197,199,195,199,38283
2002-09-17,201,204,200,200,41304
2002-09-18,199,199,196,197,25062
2002-09-19,195,197,193,194,35694
2002-09-20,194,196,193,193,24752
2002-09-21,195,196,189,191,28891
2002-09-22,191,191,185,185,57208
2002-09-23,185,188,183,187,30640
2002-09-24,189,191,188,189,16059
2002-09-25,189,190,183,185,22795
2002-09-26,186,187,183,187,30948
2002-09-27,188,190,185,186,20417
2002-09-28,184,191,184,191,20932
2002-09-29,191,195,191,194,36881
2002-09-30,195,197,191,192,52952
2002-10-01,189,194,189,192,40601
2002-10-02,193,194,186,186,49914
2002-10-03,185,186,178,178,59568
2002-10-04,178,182,177,178,42527
2002-10-05,179,183,179,182,42298
2002-10-06,185,189,185,187,39239
2002-10-07,186,189,184,184,31333
2002-10-08,183,190,183,188,31949
2002-10-09,190,193,187,189,30963
2002-10-10,191,192,188,191,23852
2002-10-11,191,192,188,188,25828
2002-10-12,188,188,184,184,26349
2002-10-13,186,189,184,189,52614
2002-10-14,189,191,187,187,46971
2002-10-15,188,190,188,190,29136
2002-10-16,191,193,190,193,41472
2002-10-17,192,193,191,191,30658
2002-10-18,191,192,187,188,48249
2002-10-19,188,190,186,189,35445
2002-10-20,189,190,187,189,27180
2002-10-21,189,190,188,189,17070
2002-10-22,189,193,188,192,42511
2002-10-23,192,195,192,195,42807
2002-10-24,195,196,194,195,33653
2002-10-25,195,199,195,198,29753
2002-10-26,199,200,197,197,32997
2002-10-27,197,197,192,192,35155
2002-10-28,193,195,190,192,29781
2002-10-29,195,196,193,196,30899
2002-10-30,198,198,192,194,28086
2002-10-31,185,185,180,181,29836
2002-11-01,183,184,180,184,31117
2002-11-02,184,186,183,185,23834
2002-11-03,186,188,186,186,27397
2002-11-04,185,185,182,184,35067
2002-11-05,183,185,181,184,49442
2002-11-06,182,185,182,184,32164
2002-11-07,185,187,185,187,34048
2002-11-08,186,187,186,186,16912
2002-11-09,185,186,183,183,24758
2002-11-10,183,187,182,186,44356
2002-11-11,186,186,185,186,29780
2002-11-12,186,188,185,185,45121
2002-11-13,186,186,184,185,35964
2002-11-14,185,187,184,186,32968
2002-11-15,186,187,186,186,31213
2002-11-16,186,186,184,185,36533
2002-11-17,185,188,184,188,33567
2002-11-18,189,191,189,191,40031
2002-11-19,191,192,190,191,29634
2002-11-20,191,193,190,192,28180
2002-11-21,192,192,190,190,20789
2002-11-22,190,193,189,192,29077
2002-11-23,193,193,187,189,37027
2002-11-24,191,191,190,191,20368
2002-11-25,191,192,191,192,24867
2002-11-26,192,193,191,191,26798
2002-11-27,193,193,192,192,21775
2002-11-28,193,193,190,191,37059
2002-11-29,192,192,191,192,22112
2002-11-30,192,194,192,194,34283
2002-12-01,196,198,195,198,43098
2002-12-02,197,199,197,198,46660
2002-12-03,199,203,199,202,54194
2002-12-04,202,205,202,204,41673
2002-12-05,203,204,202,202,27738
2002-12-06,204,206,204,206,47506
2002-12-07,205,206,201,203,52354
2002-12-08,203,204,201,204,25820
2002-12-09,198,199,196,198,27652
2002-12-10,199,202,199,202,33398
2002-12-11,202,202,200,202,32742
2002-12-12,201,202,201,202,34610
2002-12-13,202,203,199,201,52326
2002-12-14,201,202,198,201,57331
2002-12-15,200,203,200,202,36535
2002-12-16,202,203,201,202,22772
2002-12-17,203,204,203,204,30285
2002-12-18,202,207,201,207,60886
2002-12-19,206,209,206,208,37785
2002-12-20,209,209,207,208,35245
2002-12-21,207,211,207,211,41272
2002-12-22,210,212,207,208,44301
2002-12-23,208,210,206,207,42898
2002-12-24,206,208,206,207,31793
2002-12-25,207,209,207,208,27778
2002-12-26,209,210,208,210,25608
2002-12-27,210,210,208,209,30795
2002-12-28,209,210,207,207,33512
2002-12-29,206,207,205,205,27708
2002-12-30,204,207,204,206,26457
2002-12-31,206,206,205,205,39578
2003-01-01,203,203,200,201,39815
2003-01-02,204,204,202,204,43551
2003-01-03,205,209,204,209,57388
2003-01-04,208,209,206,209,44445
2003-01-05,215,220,215,220,78688
2003-01-06,218,222,218,219,62410
2003-01-07,218,219,217,219,30105
2003-01-08,217,221,217,221,36533
2003-01-09,221,223,219,220,46185
2003-01-10,218,221,218,221,37823
2003-01-11,223,225,223,224,59617
2003-01-12,223,225,222,224,35120
2003-01-13,226,227,224,226,43525
2003-01-14,224,224,223,224,31727
2003-01-15,223,223,222,223,26215
2003-01-16,220,225,220,225,41548
2003-01-17,225,226,223,223,34613
2003-01-18,222,223,221,223,35609
2003-01-19,222,224,222,223,23724
2003-01-20,223,223,221,223,24030
2003-01-21,221,223,220,222,25772
2003-01-22,222,223,221,222,24249
2003-01-23,221,223,221,222,37268
2003-01-24,219,225,218,224,35526
2003-01-25,225,226,224,225,32266
2003-01-26,228,229,227,228,46390
2003-01-27,227,229,225,225,36718
2003-01-28,226,227,224,224,40562
2003-01-29,225,226,222,222,31773
2003-01-30,220,221,215,216,78307
2003-01-31,217,218,216,218,38918
2003-02-01,219,221,218,221,36815
2003-02-02,219,220,218,218,28481
2003-02-03,214,215,212,214,61882
2003-02-04,213,215,211,214,46424
2003-02-05,212,214,212,214,37671
2003-02-06,215,216,212,212,30740
2003-02-07,213,214,211,213,33330
2003-02-08,214,215,213,214,26904
2003-02-09,213,217,213,217,29594
2003-02-10,217,218,216,217,17986
2003-02-11,218,218,215,215,27407
2003-02-12,214,218,214,217,28860
2003-02-13,218,219,215,217,39459
2003-02-14,216,218,216,218,49854
2003-02-15,218,220,218,219,36016
2003-02-16,220,221,218,219,51058
2003-02-17,217,220,217,220,34510
2003-02-18,220,221,219,220,26129
2003-02-19,219,221,219,220,30635
2003-02-20,218,219,218,218,24895
2003-02-21,216,219,216,218,32060
2003-02-22,217,218,215,215,26475
2003-02-23,214,214,212,213,48301
2003-02-24,212,213,211,211,36765
2003-02-25,212,214,211,214,40508
2003-02-26,214,215,211,212,41915
2003-02-27,210,211,209,210,31693
2003-02-28,209,210,208,209,27328
2003-03-01,210,211,209,210,21366
2003-03-02,212,213,211,213,19399
2003-03-03,213,214,212,212,18306
2003-03-04,212,214,212,214,23525
2003-03-05,214,215,213,214,28504
2003-03-06,214,214,213,213,30524
2003-03-07,212,214,211,214,31959
2003-03-08,212,213,210,210,32721
2003-03-09,212,215,212,215,58353
2003-03-10,215,216,211,211,65717
2003-03-11,210,213,210,212,44337
2003-03-12,212,213,210,211,35642
2003-03-13,211,213,211,213,29901
2003-03-14,213,215,213,214,36425
2003-03-15,214,216,213,216,43238
2003-03-16,216,217,215,216,38307
2003-03-17,216,217,215,216,23018
2003-03-18,216,218,216,217,20642
2003-03-19,219,219,218,219,29808
2003-03-20,219,220,218,219,26353
2003-03-21,220,220,218,219,45088
2003-03-22,219,220,218,220,30382
2003-03-23,220,223,220,223,34170
2003-03-24,222,222,221,221,24826
2003-03-25,220,224,220,223,34035
2003-03-26,223,223,220,223,49395
2003-03-27,221,222,219,219,34391
2003-03-28,219,219,218,219,24983
2003-03-29,220,220,217,218,35252
2003-03-30,217,220,217,220,38187
2003-03-31,219,219,217,217,33887
2003-04-01,217,218,216,216,31335
2003-04-02,217,217,216,217,21382
2003-04-03,217,218,216,216,27635
2003-04-04,216,217,215,217,32035
2003-04-05,217,218,217,218,29655
2003-04-06,218,219,217,219,29404
2003-04-07,218,219,216,217,33295
2003-04-08,217,218,217,218,18530
2003-04-09,218,219,218,218,15671
2003-04-10,219,220,219,219,23085
2003-04-11,221,224,220,223,45148
2003-04-12,223,223,222,223,17171
2003-04-13,222,223,220,220,27203
2003-04-14,220,221,220,220,20589
2003-04-15,222,223,222,223,23688
2003-04-16,223,224,222,222,29140
2003-04-17,223,224,221,221,35494
2003-04-18,220,221,217,218,35628
2003-04-19,219,219,215,216,77457
2003-04-20,215,216,212,213,63252
2003-04-21,214,214,211,211,45431
2003-04-22,210,212,210,212,36987
2003-04-23,213,213,209,210,50055
2003-04-24,208,211,207,211,55288
2003-04-25,210,211,206,207,61969
2003-04-26,205,206,204,206,51656
2003-04-27,207,208,205,207,31924
2003-04-28,208,208,206,207,29243
2003-04-29,204,204,201,203,52476
2003-04-30,201,206,200,206,45167
2003-05-01,206,206,202,203,37313
2003-05-02,203,207,202,206,28011
2003-05-03,206,207,204,204,31472
2003-05-04,205,205,204,204,27350
2003-05-05,204,204,201,202,31558
2003-05-06,200,202,200,200,35383
2003-05-07,200,204,200,203,35277
2003-05-08,204,204,201,202,26502
2003-05-09,203,203,201,201,27832
2003-05-10,202,207,202,205,27045
2003-05-11,205,205,203,204,28205
2003-05-12,202,203,201,202,32131
2003-05-13,202,203,201,202,30051
2003-05-14,202,203,201,202,24992
2003-05-15,203,204,198,198,40684
2003-05-16,198,198,194,195,49543
2003-05-17,194,195,193,194,37644
2003-05-18,193,194,190,190,54893
2003-05-19,192,193,189,189,41872
2003-05-20,188,192,187,191,47829
2003-05-21,191,193,188,188,51813
2003-05-22,186,189,186,188,46009
2003-05-23,189,193,189,192,42294
2003-05-24,194,194,190,190,32746
2003-05-25,189,191,188,190,32179
2003-05-26,190,191,189,189,26452
2003-05-27,190,194,190,194,37796
2003-05-28,194,197,192,197,31506
2003-05-29,196,199,195,198,34557
2003-05-30,199,200,197,199,29285
2003-05-31,198,199,198,198,29470
2003-06-01,199,199,198,199,26088
2003-06-02,200,200,197,198,20279
2003-06-03,197,198,195,196,20695
2003-06-04,195,196,195,195,18049
2003-06-05,196,196,194,195,12233
2003-06-06,194,194,190,190,45226
2003-06-07,190,192,189,192,44197
2003-06-08,190,190,189,190,37556
2003-06-09,191,192,189,189,45837
2003-06-10,190,191,188,188,38425
2003-06-11,189,190,187,187,32215
2003-06-12,187,187,183,183,51394
2003-06-13,184,188,181,185,60767
2003-06-14,186,187,184,187,37540
2003-06-15,187,190,187,188,41185
2003-06-16,190,190,187,188,36123
2003-06-17,187,187,185,185,35091
2003-06-18,182,185,182,183,29677
2003-06-19,185,188,185,188,43035
2003-06-20,188,188,187,188,32670
2003-06-21,191,196,191,196,63595
2003-06-22,196,198,195,196,54824
2003-06-23,196,197,194,196,40976
2003-06-24,196,207,196,204,95208
2003-06-25,203,205,201,202,51309
2003-06-26,204,204,201,203,33819
2003-06-27,202,203,199,200,41498
2003-06-28,200,200,198,199,36821
2003-06-29,200,204,200,203,39153
2003-06-30,202,203,200,202,38133
2003-07-01,201,202,200,200,27839
2003-07-02,200,200,199,200,27025
2003-07-03,202,204,201,201,42630
2003-07-04,202,203,201,202,25797
2003-07-05,203,203,199,199,44208
2003-07-06,197,199,195,195,36996
2003-07-07,195,196,192,193,29286
2003-07-08,192,195,191,194,34877
2003-07-09,195,197,194,196,28061
2003-07-10,198,200,198,200,26386
2003-07-11,205,206,203,204,43712
2003-07-12,204,205,203,205,38603
2003-07-13,206,207,203,206,43196
2003-07-14,205,207,204,206,40594
2003-07-15,204,205,204,204,17295
2003-07-16,205,205,204,204,20791
2003-07-17,206,210,206,210,46499
2003-07-18,210,211,209,209,30930
2003-07-19,208,208,206,207,27984
2003-07-20,206,207,205,206,25576
2003-07-21,208,208,203,203,39147
2003-07-22,204,204,200,201,51176
2003-07-23,203,203,201,202,32447
2003-07-24,205,205,201,201,31251
2003-07-25,200,201,199,201,31763
2003-07-26,200,203,199,201,30188
2003-07-27,202,203,201,202,24784
2003-07-28,203,204,200,200,36287
2003-07-29,201,201,194,195,33834
2003-07-30,198,200,197,200,42850
2003-07-31,201,203,201,202,39404
2003-08-01,202,204,201,204,33888
2003-08-02,202,204,202,204,28169
2003-08-03,203,205,202,202,41411
2003-08-04,202,203,201,202,37337
2003-08-05,203,204,203,204,37080
2003-08-06,204,206,204,205,43933
2003-08-07,205,206,204,206,36291
2003-08-08,206,207,204,206,28036
2003-08-09,204,204,202,203,35341
2003-08-10,203,204,202,203,27862
2003-08-11,204,204,200,202,38478
2003-08-12,201,205,201,204,28606
2003-08-13,204,205,204,204,24393
2003-08-14,203,204,202,204,26264
2003-08-15,204,204,202,202,21703
2003-08-16,201,202,200,201,19579
2003-08-17,200,201,199,199,32017
2003-08-18,200,200,197,198,41889
2003-08-19,204,204,203,203,27981
2003-08-20,203,203,200,201,44199
2003-08-21,201,203,200,203,39289
2003-08-22,203,203,202,203,16592
2003-08-23,202,202,201,201,17461
2003-08-24,201,202,201,201,12312
2003-08-25,202,206,202,205,53561
2003-08-26,205,206,204,205,34814
2003-08-27,205,206,204,205,15013
2003-08-28,205,206,203,203,33147
2003-08-29,203,205,202,204,30564
2003-08-30,205,206,204,204,26742
2003-08-31,205,206,204,204,25721
2003-09-01,204,205,204,204,27471
2003-09-02,203,204,203,203,23347
2003-09-03,203,203,201,202,39547
2003-09-04,201,201,197,197,55207
2003-09-05,198,198,193,194,55389
2003-09-06,194,195,193,195,33686
2003-09-07,195,195,193,193,36174
2003-09-08,193,193,191,191,38475
2003-09-09,189,201,189,195,39108
2003-09-10,198,199,198,198,30567
2003-09-11,199,199,197,197,30096
2003-09-12,197,199,197,199,34592
2003-09-13,198,199,197,198,33368
2003-09-14,199,201,198,200,39907
2003-09-15,200,201,200,200,29224
2003-09-16,199,202,199,202,36524
2003-09-17,201,202,200,200,34657
2003-09-18,200,200,197,197,49357
2003-09-19,197,198,197,197,27617
2003-09-20,197,197,193,195,44282
2003-09-21,196,198,195,196,50266
2003-09-22,195,197,195,196,38006
2003-09-23,196,196,192,192,42830
2003-09-24,190,191,188,189,59384
2003-09-25,188,190,188,188,27338
2003-09-26,186,187,185,185,32254
2003-09-27,186,188,186,188,28455
2003-09-28,189,190,185,187,29986
2003-09-29,185,188,185,186,27078
2003-09-30,187,189,185,186,32547
2003-10-01,185,186,182,184,37243
2003-10-02,187,189,187,188,45627
2003-10-03,190,191,188,188,39733
2003-10-04,189,190,188,188,21023
2003-10-05,189,190,188,189,17975
2003-10-06,189,191,189,190,46566
2003-10-07,189,191,188,188,42533
2003-10-08,188,188,183,184,50259
2003-10-09,184,184,178,179,56315
2003-10-10,180,184,180,182,50213
2003-10-11,182,183,178,180,59424
2003-10-12,180,181,175,177,66265
2003-10-13,177,179,176,178,60031
2003-10-14,179,181,179,181,37959
2003-10-15,181,183,180,181,40405
2003-10-16,180,180,174,174,50293
2003-10-17,174,177,172,176,43142
2003-10-18,175,177,171,172,40361
2003-10-19,168,177,167,177,57173
2003-10-20,176,177,169,170,48344
2003-10-21,176,180,176,179,55613
2003-10-22,179,180,174,176,64649
2003-10-23,176,178,175,177,39549
2003-10-24,176,181,176,180,33909
2003-10-25,181,184,180,184,51655
2003-10-26,185,185,181,182,47463
2003-10-27,182,183,180,181,48325
2003-10-28,181,181,178,178,33020
2003-10-29,176,180,176,179,41647
2003-10-30,179,179,176,178,42741
2003-10-31,178,178,177,178,26671
2003-11-01,178,178,174,175,39864
2003-11-02,175,176,172,172,41192
2003-11-03,172,177,172,175,62175
2003-11-04,176,176,173,175,45537
2003-11-05,175,179,175,178,50377
2003-11-06,178,182,177,181,61603
2003-11-07,181,183,180,181,52144
2003-11-08,180,181,177,178,46235
2003-11-09,178,180,177,179,36563
2003-11-10,179,179,175,176,42337
2003-11-11,176,178,174,176,47297
2003-11-12,176,181,175,180,35222
2003-11-13,183,185,183,185,39432
2003-11-14,185,185,183,183,35577
2003-11-15,183,185,181,183,49628
2003-11-16,183,184,181,183,31649
2003-11-17,183,188,183,188,66831
2003-11-18,188,190,186,187,45497
2003-11-19,186,187,181,182,67800
2003-11-20,178,181,178,179,49623
2003-11-21,179,180,177,177,44456
2003-11-22,177,177,169,170,69713
2003-11-23,171,172,169,170,51985
2003-11-24,170,171,169,169,41067
2003-11-25,169,170,163,167,94049
2003-11-26,166,170,166,169,45604
2003-11-27,169,171,167,169,49700
2003-11-28,169,169,167,168,37189
2003-11-29,168,169,167,168,25892
2003-11-30,168,170,168,170,38676
2003-12-01,171,177,171,177,49110
2003-12-02,176,182,174,181,32745
2003-12-03,179,181,174,175,54059
2003-12-04,175,176,172,176,55103
2003-12-05,177,177,175,175,40830
2003-12-06,175,180,175,177,66344
2003-12-07,177,180,176,179,56440
2003-12-08,179,188,179,186,103873
2003-12-09,187,189,185,187,68704
2003-12-10,187,187,185,186,33597
2003-12-11,187,190,183,184,48473
2003-12-12,183,186,182,183,44100
2003-12-13,183,187,183,184,40516
2003-12-14,183,185,183,184,27382
2003-12-15,184,185,183,185,22368
2003-12-16,185,187,185,187,30552
2003-12-17,187,188,186,187,30738
2003-12-18,186,187,185,186,31085
2003-12-19,186,186,184,185,38442
2003-12-20,185,185,181,182,45409
2003-12-21,182,183,181,181,36526
2003-12-22,180,182,179,180,43083
2003-12-23,180,183,179,182,31084
2003-12-24,184,185,183,183,42128
2003-12-25,183,184,180,180,54527
2003-12-26,180,180,174,175,63636
2003-12-27,175,177,174,175,63671
2003-12-28,175,176,174,176,35355
2003-12-29,176,177,173,173,67911
2003-12-30,173,173,168,169,76624
2003-12-31,169,174,169,174,60815
2004-01-01,174,175,169,171,66729
2004-01-02,171,175,167,174,101020
2004-01-03,174,175,172,174,50634
2004-01-04,173,177,170,170,69135
2004-01-05,170,170,166,167,61557
2004-01-06,167,169,165,166,60954
2004-01-07,166,168,165,165,55093
2004-01-08,165,170,163,169,68853
2004-01-09,169,170,164,167,66893
2004-01-10,167,168,166,167,35406
2004-01-11,167,169,166,167,44210
2004-01-12,167,171,165,170,51261
2004-01-13,170,171,166,166,37382
2004-01-14,166,168,164,165,37576
2004-01-15,170,173,170,171,27173
2004-01-16,171,171,165,166,55485
2004-01-17,166,169,161,163,72483
2004-01-18,155,156,151,153,68224
2004-01-19,153,156,151,154,62521
2004-01-20,154,155,153,154,39080
2004-01-21,154,155,148,149,64531
2004-01-22,149,150,147,149,36589
2004-01-23,147,151,145,145,41803
2004-01-24,145,150,145,147,63608
2004-01-25,145,147,144,145,46477
2004-01-26,145,148,144,146,49559
2004-01-27,146,151,146,150,50747
2004-01-28,150,152,145,145,56374
2004-01-29,145,148,142,145,59368
2004-01-30,145,145,143,144,40051
2004-01-31,143,145,141,142,34943
2004-02-01,141,142,138,139,39838
2004-02-02,139,143,137,141,35232
2004-02-03,144,145,143,143,30636
2004-02-04,144,148,143,147,53844
2004-02-05,147,148,144,144,29634
2004-02-06,144,146,140,141,29792
2004-02-07,141,142,139,141,28831
2004-02-08,141,144,140,144,25711
2004-02-09,144,144,141,141,27986
2004-02-10,141,146,141,145,37383
2004-02-11,145,147,143,146,37753
2004-02-12,146,154,146,153,69686
2004-02-13,153,156,150,154,51951
2004-02-14,154,154,152,153,31708
2004-02-15,154,154,146,146,54973
2004-02-16,146,149,145,148,46723
2004-02-17,148,150,143,143,56660
2004-02-18,143,145,142,145,42437
2004-02-19,145,151,145,147,61484
2004-02-20,147,152,147,151,47168
2004-02-21,151,151,146,148,34694
2004-02-22,148,154,148,152,46133
2004-02-23,152,153,149,151,30842
2004-02-24,148,150,148,149,28291
2004-02-25,149,152,147,151,46580
2004-02-26,151,153,150,151,43171
2004-02-27,152,155,152,154,43661
2004-02-28,154,157,153,154,45932
2004-03-01,154,155,151,153,50438
2004-03-02,153,155,151,151,37968
2004-03-03,152,159,152,159,60709
2004-03-04,158,161,157,160,55123
2004-03-05,159,163,158,158,53087
2004-03-06,159,160,156,156,38496
2004-03-07,155,156,151,152,42381
2004-03-08,153,154,151,152,37233
2004-03-09,152,152,145,146,65171
2004-03-10,146,147,143,145,41669
2004-03-11,145,147,145,147,24294
2004-03-12,147,149,141,141,45994
2004-03-13,141,143,139,140,39791
2004-03-14,140,143,139,139,36261
2004-03-15,139,145,138,142,48027
2004-03-16,142,144,141,142,26681
2004-03-17,143,144,141,142,36343
2004-03-18,143,145,143,144,31096
2004-03-19,143,148,142,147,61820
2004-03-20,147,148,144,145,47323
2004-03-21,145,148,144,144,36609
2004-03-22,144,147,144,146,42567
2004-03-23,147,148,146,147,29511
2004-03-24,147,148,145,147,26996
2004-03-25,146,146,145,145,27498
2004-03-26,143,143,140,141,43726
2004-03-27,141,142,139,141,43157
2004-03-28,141,142,141,141,32149
2004-03-29,141,142,140,141,34337
2004-03-30,142,144,142,144,44573
2004-03-31,144,146,142,144,36779
2004-04-01,144,148,144,148,47910
2004-04-02,148,151,146,150,33764
2004-04-03,150,151,148,148,27940
2004-04-04,148,149,146,148,26134
2004-04-05,148,154,148,153,38878
2004-04-06,152,155,150,152,30615
2004-04-07,151,151,148,149,39814
2004-04-08,148,151,148,150,28108
2004-04-09,151,152,149,151,32802
2004-04-10,144,144,139,140,100178
2004-04-11,140,143,140,143,42919
2004-04-12,144,144,140,143,48048
2004-04-13,143,149,142,147,43597
2004-04-14,147,158,146,157,87706
2004-04-15,157,158,154,157,55251
2004-04-16,156,158,154,157,38556
2004-04-17,157,159,154,155,44525
2004-04-18,155,156,154,155,30885
2004-04-19,155,159,155,158,45450
2004-04-20,158,159,156,157,44383
2004-04-21,156,160,156,159,53338
2004-04-22,159,162,158,162,44495
2004-04-23,162,166,159,165,61081
2004-04-24,165,167,164,166,39884
2004-04-25,166,166,164,164,48480
2004-04-26,164,169,163,168,39775
2004-04-27,163,166,161,166,67813
2004-04-28,166,171,165,171,82297
2004-04-29,170,172,168,172,53627
2004-04-30,172,172,167,169,63714
2004-05-01,167,169,165,165,53053
2004-05-02,165,169,163,169,61812
2004-05-03,168,173,168,171,56225
2004-05-04,171,171,167,168,55100
2004-05-05,168,172,167,168,65215
2004-05-06,168,173,168,172,72469
2004-05-07,175,178,172,177,64059
2004-05-08,177,178,174,177,57694
2004-05-09,177,179,175,176,57869
2004-05-10,175,179,175,178,62319
2004-05-11,178,183,178,182,64654
2004-05-12,182,185,181,182,61790
2004-05-13,180,182,179,180,35378
2004-05-14,178,179,174,175,46327
2004-05-15,175,180,174,179,42322
2004-05-16,181,184,181,184,30726
2004-05-17,186,190,185,189,36141
2004-05-18,181,185,180,180,60557
2004-05-19,179,181,178,179,44833
2004-05-20,179,180,176,177,60181
2004-05-21,176,177,174,177,51828
2004-05-22,178,180,178,180,34698
2004-05-23,179,183,179,183,42074
2004-05-24,182,183,181,182,34611
2004-05-25,183,185,180,182,55654
2004-05-26,180,182,179,181,49086
2004-05-27,181,182,179,181,38160
2004-05-28,180,180,176,177,62656
2004-05-29,176,184,175,183,61513
2004-05-30,182,187,182,186,66446
2004-05-31,187,188,184,184,47687
2004-06-01,184,189,182,187,39546
2004-06-02,187,190,187,189,41370
2004-06-03,189,199,188,198,44464
2004-06-04,199,199,195,199,31360
2004-06-05,197,208,196,207,30371
2004-06-06,204,208,203,207,23316
2004-06-07,206,209,194,200,32487
2004-06-08,195,197,193,193,51779
2004-06-09,194,194,194,194,58497
2004-06-10,193,194,191,193,30091
2004-06-11,193,195,189,190,40221
2004-06-12,189,193,186,192,57266
2004-06-13,191,193,187,188,45891
2004-06-14,188,195,187,193,52859
2004-06-15,194,196,193,195,32190
2004-06-16,193,196,193,196,30113
2004-06-17,195,197,192,192,57520
2004-06-18,192,194,190,191,56243
2004-06-19,192,196,191,194,50811
2004-06-20,196,202,196,201,54516
2004-06-21,204,207,202,204,64060
2004-06-22,203,206,199,201,55413
2004-06-23,202,204,199,201,43219
2004-06-24,200,201,197,198,45749
2004-06-25,195,196,192,195,35022
2004-06-26,193,195,191,194,37403
2004-06-27,195,195,191,192,30232
2004-06-28,190,194,190,193,48997
2004-06-29,194,196,194,196,41649
2004-06-30,193,195,192,194,36724
2004-07-01,194,194,190,192,49147
2004-07-02,194,196,193,194,51162
2004-07-03,194,198,194,197,46643
2004-07-04,200,204,200,203,52759
2004-07-05,206,209,205,205,46153
2004-07-06,203,204,200,201,43734
2004-07-07,202,203,200,201,45735
2004-07-08,201,203,197,201,53374
2004-07-09,202,203,190,193,78168
2004-07-10,196,196,193,194,39638
2004-07-11,193,194,191,193,45456
2004-07-12,191,192,187,189,66062
2004-07-13,189,191,186,186,29910
2004-07-14,185,186,179,180,58377
2004-07-15,179,183,179,182,42858
2004-07-16,182,183,176,177,47259
2004-07-17,176,181,175,181,35670
2004-07-18,180,182,176,177,17194
2004-07-19,177,179,175,175,24612
2004-07-20,176,177,167,168,21858
2004-07-21,170,172,169,170,50796
2004-07-22,172,176,171,174,56578
2004-07-23,174,176,172,175,37701
2004-07-24,175,176,171,171,35787
2004-07-25,170,178,169,176,63241
2004-07-26,175,176,173,174,40277
2004-07-27,174,178,174,175,56430
2004-07-28,176,178,173,174,38847
2004-07-29,174,175,173,175,26151
2004-07-30,171,176,171,176,36428
2004-07-31,176,178,176,178,32883
2004-08-01,178,179,175,176,41832
2004-08-02,176,178,175,175,49938
2004-08-03,175,175,173,173,33447
2004-08-04,173,174,169,171,42636
2004-08-05,167,169,165,167,40515
2004-08-06,167,168,166,167,20777
2004-08-07,167,169,167,168,24146
2004-08-08,167,172,166,172,28371
2004-08-09,172,173,170,172,30615
2004-08-10,171,174,171,172,33563
2004-08-11,171,177,171,176,45611
2004-08-12,176,178,175,178,36844
2004-08-13,177,179,175,176,41106
2004-08-14,175,177,174,175,36178
2004-08-15,174,177,174,176,35823
2004-08-16,177,180,177,179,45331
2004-08-17,181,184,180,183,54361
2004-08-18,183,184,181,181,39949
2004-08-19,181,183,180,180,40163
2004-08-20,179,180,178,180,37326
2004-08-21,180,183,180,182,30726
2004-08-22,183,187,182,182,58327
2004-08-23,184,185,179,179,42068
2004-08-24,180,180,176,177,49722
2004-08-25,176,177,171,171,50402
2004-08-26,171,173,168,171,44845
2004-08-27,170,171,169,169,39639
2004-08-28,170,171,169,170,32114
2004-08-29,172,173,171,172,25465
2004-08-30,173,175,172,174,32000
2004-08-31,174,176,173,175,29822
2004-09-01,176,177,173,173,48087
2004-09-02,173,175,173,174,28143
2004-09-03,174,176,173,175,29741
2004-09-04,176,179,176,179,54058
2004-09-05,181,182,180,181,45940
2004-09-06,181,183,180,182,42915
2004-09-07,181,183,179,181,36735
2004-09-08,182,186,182,186,56141
2004-09-09,185,189,184,189,58603
2004-09-10,188,190,186,189,52542
2004-09-11,190,191,187,187,47453
2004-09-12,185,186,182,183,45982
2004-09-13,182,186,181,185,48014
2004-09-14,183,184,181,181,42064
2004-09-15,178,183,178,181,57990
2004-09-16,182,182,179,180,50113
2004-09-17,179,180,174,174,47327
2004-09-18,175,176,173,175,30162
2004-09-19,175,176,172,173,31984
2004-09-20,173,177,173,176,31199
2004-09-21,177,177,174,174,30032
2004-09-22,178,179,174,175,48441
2004-09-23,175,178,175,178,38416
2004-09-24,177,181,177,181,47069
2004-09-25,181,181,179,181,26052
2004-09-26,180,181,179,180,38135
2004-09-27,179,181,178,180,34601
2004-09-28,180,181,178,178,34253
2004-09-29,176,177,168,169,76050
2004-09-30,169,169,165,168,47272
2004-10-01,168,170,167,169,33631
2004-10-02,165,170,164,168,52496
2004-10-03,169,171,169,171,37465
2004-10-04,172,173,169,171,47456
2004-10-05,170,172,168,169,39885
2004-10-06,168,170,167,169,27273
2004-10-07,170,171,169,169,33222
2004-10-08,168,169,166,167,29111
2004-10-09,165,168,164,167,33099
2004-10-10,168,169,167,169,27200
2004-10-11,170,171,169,169,30701
2004-10-12,170,171,169,170,22637
2004-10-13,170,171,170,170,17300
2004-10-14,170,174,170,173,15691
2004-10-15,172,176,172,176,26045
2004-10-16,175,179,175,177,38151
2004-10-17,178,179,177,177,32397
2004-10-18,177,178,176,177,22927
2004-10-19,177,177,174,174,29374
2004-10-20,173,176,173,174,39179
2004-10-21,175,177,174,177,42128
2004-10-22,178,180,176,176,47268
2004-10-23,175,176,173,174,25867
2004-10-24,173,175,172,173,32384
2004-10-25,174,177,174,177,41481
2004-10-26,177,177,175,177,29149
2004-10-27,175,176,174,175,33340
2004-10-28,174,179,174,178,32877
2004-10-29,179,183,179,183,34032
2004-10-30,183,187,183,187,31957
2004-10-31,186,188,185,186,27953
2004-11-01,185,188,185,186,27556
2004-11-02,183,184,180,181,51117
2004-11-03,180,185,180,183,59899
2004-11-04,185,186,181,183,73462
2004-11-05,182,184,182,182,32274
2004-11-06,180,181,178,179,65614
2004-11-07,179,181,179,180,29647
2004-11-08,181,184,180,183,32624
2004-11-09,184,185,183,185,38706
2004-11-10,182,187,181,185,53242
2004-11-11,186,188,185,187,44211
2004-11-12,188,189,183,185,59083
2004-11-13,184,186,184,184,31910
2004-11-14,183,185,182,183,40398
2004-11-15,183,183,182,182,33456
2004-11-16,182,185,182,184,38229
2004-11-17,184,184,181,182,45630
2004-11-18,182,184,182,183,36718
2004-11-19,184,186,183,184,37432
2004-11-20,183,186,182,185,24372
2004-11-21,185,189,185,189,29444
2004-11-22,187,189,187,188,30833
2004-11-23,185,187,185,186,27362
2004-11-24,185,186,184,184,37433
2004-11-25,184,187,184,186,29217
2004-11-26,187,187,186,186,22276
2004-11-27,185,186,184,184,24563
2004-11-28,185,185,183,183,38865
2004-11-29,183,183,182,183,40669
2004-11-30,183,186,183,186,31511
2004-12-01,185,186,185,185,27435
2004-12-02,185,186,184,186,28759
2004-12-03,185,186,182,183,64356
2004-12-04,183,183,179,180,72664
2004-12-05,178,180,178,179,46932
2004-12-06,178,182,178,181,38476
2004-12-07,181,182,178,179,45207
2004-12-08,178,181,178,181,31629
2004-12-09,181,183,181,181,27417
2004-12-10,181,182,181,182,29690
2004-12-11,183,186,182,185,31104
2004-12-12,184,185,183,184,24051
2004-12-13,185,189,185,189,79993
2004-12-14,188,190,188,189,43518
2004-12-15,189,189,186,187,48012
2004-12-16,188,191,188,190,47829
2004-12-17,190,191,189,190,32662
2004-12-18,188,193,188,192,62657
2004-12-19,191,192,190,191,38938
2004-12-20,191,193,190,191,42229
2004-12-21,191,191,189,190,33899
2004-12-22,190,192,190,191,33045
2004-12-23,192,195,192,195,57100
2004-12-24,195,197,194,197,42494
2004-12-25,197,197,195,196,37549
2004-12-26,195,196,194,195,32004
2004-12-27,198,199,197,198,40174
2004-12-28,200,201,194,195,58179
2004-12-29,193,194,190,191,61077
2004-12-30,195,200,195,197,36937
2004-12-31,198,200,197,200,31985
2005-01-01,201,205,198,204,33832
2005-01-02,205,208,203,205,35508
2005-01-03,200,204,198,204,51415
2005-01-04,203,203,200,201,46600
2005-01-05,200,203,199,202,46532
2005-01-06,201,202,200,201,29634
2005-01-07,202,204,202,204,37308
2005-01-08,203,205,201,203,50690
2005-01-09,205,207,204,205,47719
2005-01-10,203,204,200,200,53705
2005-01-11,202,202,198,198,63052
2005-01-12,198,203,198,202,63189
2005-01-13,202,204,202,203,34513
2005-01-14,203,204,202,202,19820
2005-01-15,202,202,195,196,65652
2005-01-16,196,197,195,197,47260
2005-01-17,198,198,192,194,62858
2005-01-18,194,195,191,195,43812
2005-01-19,194,199,194,199,33861
2005-01-20,199,201,198,200,39722
2005-01-21,200,200,197,199,36809
2005-01-22,199,201,197,200,24580
2005-01-23,199,201,198,200,28343
2005-01-24,201,201,196,198,38300
2005-01-25,198,198,196,197,40801
2005-01-26,198,198,193,194,52661
2005-01-27,194,195,191,192,51705
2005-01-28,192,192,184,186,76555
2005-01-29,187,188,186,187,35309
2005-01-30,187,189,185,188,43399
2005-01-31,188,189,187,189,38325
2005-02-01,188,191,188,191,40793
2005-02-02,191,192,191,192,28429
2005-02-03,192,192,189,190,41305
2005-02-04,190,192,190,191,35974
2005-02-05,189,190,188,189,36756
2005-02-06,188,189,185,188,44605
2005-02-07,187,188,186,188,28294
2005-02-08,189,189,188,189,22999
2005-02-09,187,191,186,190,49562
2005-02-10,190,191,188,189,43790
2005-02-11,188,189,187,188,24674
2005-02-12,186,186,181,182,44350
2005-02-13,182,183,179,180,46325
2005-02-14,178,179,173,174,80405
2005-02-15,176,176,174,175,34769
2005-02-16,176,176,172,174,54277
2005-02-17,174,176,173,176,32151
2005-02-18,177,178,176,177,30381
2005-02-19,179,181,179,179,46955
2005-02-20,178,179,175,175,34081
2005-02-21,175,175,173,174,31451
2005-02-22,171,172,170,171,38058
2005-02-23,171,174,171,173,34238
2005-02-24,174,175,170,171,42422
2005-02-25,170,173,168,173,38468
2005-02-26,172,174,172,173,30659
2005-02-27,172,176,172,174,54985
2005-02-28,174,176,172,172,36166
2005-03-01,172,173,170,173,36953
2005-03-02,172,173,171,172,28069
2005-03-03,172,173,171,173,27108
2005-03-04,172,174,171,173,43787
2005-03-05,172,172,169,170,44910
2005-03-06,166,169,166,167,41607
2005-03-07,166,169,166,168,28761
2005-03-08,168,170,167,169,40694
2005-03-09,171,176,170,175,97155
2005-03-10,175,177,173,174,51711
2005-03-11,174,175,174,174,32162
2005-03-12,173,176,173,175,38373
2005-03-13,177,178,175,177,44120
2005-03-14,175,178,175,177,47137
2005-03-15,178,179,176,177,44365
2005-03-16,177,177,175,177,31080
2005-03-17,176,176,175,176,23055
2005-03-18,176,178,176,177,29184
2005-03-19,178,179,177,177,36809
2005-03-20,176,179,176,178,33339
2005-03-21,178,180,178,178,27690
2005-03-22,176,177,174,174,33450
2005-03-23,174,175,173,174,25321
2005-03-24,174,175,173,175,32525
2005-03-25,176,176,175,176,25060
2005-03-26,176,178,175,178,30460
2005-03-27,180,182,180,182,41073
2005-03-28,182,186,181,185,39236
2005-03-29,180,182,179,180,57340
2005-03-30,179,180,178,178,31697
2005-03-31,180,180,177,178,34463
2005-04-01,178,180,178,178,33437
2005-04-02,178,179,177,178,32125
2005-04-03,178,179,177,177,38035
2005-04-04,176,179,176,178,35110
2005-04-05,178,180,178,180,28429
2005-04-06,181,186,181,185,63298
2005-04-07,183,185,183,183,42397
2005-04-08,182,183,181,182,40749
2005-04-09,183,185,183,184,38098
2005-04-10,183,184,183,184,26157
2005-04-11,185,186,185,186,40797
2005-04-12,187,188,184,185,52976
2005-04-13,185,188,184,188,50118
2005-04-14,189,189,187,189,43493
2005-04-15,188,190,188,189,42670
2005-04-16,188,189,188,189,34631
2005-04-17,190,190,185,186,48540
2005-04-18,180,181,175,175,82200
2005-04-19,175,176,171,172,66451
2005-04-20,173,175,173,174,30165
2005-04-21,175,175,173,173,30693
2005-04-22,175,176,174,175,37662
2005-04-23,176,178,176,177,40074
2005-04-24,175,176,173,175,50163
2005-04-25,175,177,174,176,42828
2005-04-26,175,176,175,175,32729
2005-04-27,176,176,172,173,43039
2005-04-28,171,172,168,168,60352
2005-04-29,168,170,168,170,31794
2005-04-30,170,173,170,173,26463
2005-05-01,172,174,171,174,32693
2005-05-02,172,174,172,172,29545
2005-05-03,172,173,171,171,34535
2005-05-04,171,174,170,174,36847
2005-05-05,174,176,173,175,28514
2005-05-06,175,177,175,176,30617
2005-05-07,175,176,175,176,23412
2005-05-08,175,175,172,173,30273
2005-05-09,173,174,171,173,40014
2005-05-10,170,172,168,172,42995
2005-05-11,171,174,171,173,42051
2005-05-12,173,174,172,173,43346
2005-05-13,173,176,173,175,66234
2005-05-14,175,176,175,175,36002
2005-05-15,175,176,175,176,24628
2005-05-16,176,177,175,176,35203
2005-05-17,176,177,174,177,48223
2005-05-18,177,180,177,179,57507
2005-05-19,179,180,178,179,29796
2005-05-20,179,180,176,177,41797
2005-05-21,176,178,176,176,33419
2005-05-22,175,178,175,178,47800
2005-05-23,178,179,177,178,37045
2005-05-24,177,179,176,178,37786
2005-05-25,179,180,177,178,40813
2005-05-26,177,178,176,178,25868
2005-05-27,178,179,178,179,23434
2005-05-28,180,182,179,181,40630
2005-05-29,182,188,182,185,57167
2005-05-30,180,181,179,180,28642
2005-05-31,179,180,178,179,28926
2005-06-01,178,180,178,179,36777
2005-06-02,180,183,180,183,41254
2005-06-03,183,183,182,183,32328
2005-06-04,182,183,182,182,28046
2005-06-05,182,183,180,181,42983
2005-06-06,183,184,182,184,41390
2005-06-07,184,186,184,186,34605
2005-06-08,185,187,185,186,35335
2005-06-09,185,188,185,187,38319
2005-06-10,188,188,186,187,36465
2005-06-11,186,189,186,189,50173
2005-06-12,190,191,185,186,50856
2005-06-13,186,187,184,187,38544
2005-06-14,188,190,187,190,33934
2005-06-15,190,191,186,191,36718
2005-06-16,191,195,190,195,42115
2005-06-17,194,198,194,196,38934
2005-06-18,196,197,190,191,0
2005-06-19,189,191,188,189,29800
2005-06-20,189,190,188,189,20312
2005-06-21,189,191,188,191,19905
2005-06-22,191,192,190,192,11962
2005-06-23,192,195,192,195,25305
2005-06-24,195,195,193,193,25823
2005-06-25,194,195,192,195,23548
2005-06-26,195,198,194,198,28028
2005-06-27,198,199,196,198,36283
2005-06-28,197,200,196,199,35701
2005-06-29,200,202,199,202,37540
2005-06-30,202,203,199,199,34393
2005-07-01,198,198,194,196,38439
2005-07-02,197,197,185,187,67258
2005-07-03,184,186,180,182,60902
2005-07-04,181,185,181,183,30681
2005-07-05,185,187,177,180,46801
2005-07-06,181,185,179,185,29849
2005-07-07,185,192,185,191,36554
2005-07-08,190,191,184,189,31638
2005-07-09,186,187,182,186,24334
2005-07-10,179,181,178,180,30572
2005-07-11,178,183,178,182,40882
2005-07-12,182,182,174,176,69521
2005-07-13,175,177,171,177,52537
2005-07-14,178,178,170,174,50636
2005-07-15,174,177,174,175,34548
2005-07-16,176,177,173,177,38383
2005-07-17,179,180,176,177,53387
2005-07-18,178,180,177,178,34937
2005-07-19,178,179,174,175,35366
2005-07-20,175,177,174,176,34115
2005-07-21,177,178,176,177,25250
2005-07-22,177,178,176,177,24416
2005-07-23,177,179,177,177,32783
2005-07-24,177,180,177,179,28453
2005-07-25,181,189,181,189,49534
2005-07-26,189,191,185,189,35053
2005-07-27,188,190,186,190,30944
2005-07-28,189,192,189,191,38241
2005-07-29,191,230,189,210,36646
2005-07-30,190,200,190,197,52468
2005-07-31,195,199,195,198,49973
2005-08-01,197,199,190,190,56027
2005-08-02,191,195,190,193,39554
2005-08-03,194,198,194,197,41947
2005-08-04,197,197,191,192,47324
2005-08-05,192,196,192,195,35418
2005-08-06,196,196,190,194,50010
2005-08-07,189,192,187,192,42364
2005-08-08,193,195,191,195,29640
2005-08-09,195,202,193,201,56112
2005-08-10,201,202,196,198,52338
2005-08-11,196,199,194,196,34401
2005-08-12,194,199,194,199,36220
2005-08-13,199,205,197,204,48423
2005-08-14,203,208,203,205,65168
2005-08-15,204,212,203,211,40971
2005-08-16,210,221,209,219,47513
2005-08-17,220,233,220,232,35651
2005-08-18,233,246,232,243,40793
2005-08-19,248,256,222,230,36345
2005-08-20,208,211,206,210,33841
2005-08-21,213,221,212,219,53623
2005-08-22,217,224,214,224,44817
2005-08-23,222,225,218,221,46173
2005-08-24,223,224,217,217,52190
2005-08-25,212,215,211,214,48938
2005-08-26,213,216,211,214,31599
2005-08-27,215,223,214,222,43108
2005-08-28,222,227,222,227,48146
2005-08-29,225,226,219,222,49523
2005-08-30,221,228,221,227,38424
2005-08-31,225,235,225,230,41086
2005-09-01,230,233,227,230,39106
2005-09-02,231,242,231,242,49264
2005-09-03,240,254,240,253,47758
2005-09-04,246,251,234,242,52579
2005-09-05,239,251,239,250,36919
2005-09-06,252,257,237,244,43092
2005-09-07,241,247,232,246,28878
2005-09-08,241,244,228,238,35868
2005-09-09,237,240,233,239,25048
2005-09-10,236,244,230,240,34167
2005-09-11,224,227,221,227,53461
2005-09-12,228,232,221,224,60327
2005-09-13,219,225,218,222,57884
2005-09-14,223,224,218,223,39494
2005-09-15,221,225,220,224,34045
2005-09-16,216,218,211,212,60461
2005-09-17,208,209,204,208,51628
2005-09-18,211,214,208,208,43216
2005-09-19,210,212,209,211,33483
2005-09-20,213,216,208,210,41891
2005-09-21,211,213,207,211,48817
2005-09-22,210,212,209,210,34069
2005-09-23,206,211,204,206,55904
2005-09-24,208,210,206,210,37878
2005-09-25,211,214,211,213,29670
2005-09-26,214,215,210,214,41307
2005-09-27,212,215,211,214,34663
2005-09-28,209,210,203,207,54091
2005-09-29,207,209,205,206,40157
2005-09-30,198,226,198,224,39963
2005-10-01,224,229,218,226,38158
2005-10-02,204,216,204,214,73427
2005-10-03,213,215,211,212,37490
2005-10-04,213,213,211,213,19541
2005-10-05,214,215,210,211,29141
2005-10-06,208,210,206,207,42936
2005-10-07,205,207,198,199,63266
2005-10-08,199,201,196,197,37337
2005-10-09,197,199,196,198,27206
2005-10-10,199,204,199,204,34840
2005-10-11,201,201,195,197,53566
2005-10-12,196,200,194,200,34878
2005-10-13,199,203,198,202,32662
2005-10-14,201,204,201,202,30893
2005-10-15,201,202,198,201,41625
2005-10-16,201,203,200,200,28908
2005-10-17,201,202,198,200,36458
2005-10-18,199,204,199,203,32983
2005-10-19,204,222,204,221,54546
2005-10-20,218,220,212,214,46606
2005-10-21,215,216,206,207,37789
2005-10-22,206,209,204,206,33327
2005-10-23,202,203,198,199,29965
2005-10-24,197,201,197,199,26865
2005-10-25,200,200,198,199,25282
2005-10-26,201,207,199,206,42154
2005-10-27,205,213,204,210,59885
2005-10-28,210,212,207,209,34155
2005-10-29,210,216,209,215,34166
2005-10-30,213,214,210,211,28626
2005-10-31,210,214,210,212,24915
2005-11-01,214,218,210,212,55217
2005-11-02,212,214,211,214,35612
2005-11-03,215,217,213,215,32394
2005-11-04,215,219,215,219,36387
2005-11-05,219,219,215,219,33705
2005-11-06,217,225,215,224,47402
2005-11-07,223,225,220,223,38671
2005-11-08,222,224,213,218,55703
2005-11-09,218,219,214,216,34467
2005-11-10,218,218,208,210,38861
2005-11-11,209,217,205,214,30759
2005-11-12,207,211,206,210,34654
2005-11-13,211,212,205,206,37226
2005-11-14,207,209,206,207,25204
2005-11-15,205,206,200,201,51836
2005-11-16,202,204,199,202,35063
2005-11-17,202,204,201,203,20794
2005-11-18,204,205,203,204,26535
2005-11-19,203,211,202,210,32055
2005-11-20,208,214,207,213,42100
2005-11-21,215,217,210,212,38583
2005-11-22,211,212,208,211,36782
2005-11-23,211,215,207,214,47601
2005-11-24,214,217,212,215,35915
2005-11-25,214,216,213,215,23600
2005-11-26,217,222,215,222,39144
2005-11-27,220,224,218,223,42657
2005-11-28,223,224,219,221,30523
2005-11-29,220,220,217,219,28181
2005-11-30,218,227,218,226,31867
2005-12-01,226,233,225,232,42738
2005-12-02,230,232,226,228,40222
2005-12-03,219,220,216,217,34230
2005-12-04,219,223,219,223,40269
2005-12-05,223,223,218,219,26690
2005-12-06,219,220,214,216,34820
2005-12-07,216,218,215,215,25179
2005-12-08,215,221,213,217,42896
2005-12-09,218,224,218,221,40729
2005-12-10,221,223,220,222,23765
2005-12-11,238,239,228,234,52620
2005-12-12,233,236,230,232,43829
2005-12-13,231,235,229,234,38266
2005-12-14,235,238,234,238,37199
2005-12-15,238,240,234,237,32818
2005-12-16,235,242,235,241,45084
2005-12-17,245,249,244,247,44546
2005-12-18,252,253,242,250,53128
2005-12-19,252,253,242,245,42710
2005-12-20,240,240,231,231,41429
2005-12-21,233,237,229,233,42176
2005-12-22,237,239,233,238,27236
2005-12-23,238,238,232,235,32833
2005-12-24,235,238,232,236,34077
2005-12-25,233,234,228,233,29659
2005-12-26,235,241,234,240,38455
2005-12-27,240,245,237,244,49157
2005-12-28,243,246,241,241,32435
2005-12-29,240,246,238,246,27346
2005-12-30,245,246,242,243,27733
2005-12-31,238,244,238,241,40059
2006-01-01,244,246,240,240,45060
2006-01-02,241,248,241,248,41680
2006-01-03,247,249,244,247,33610
2006-01-04,249,252,248,252,32776
2006-01-05,252,256,249,255,38035
2006-01-06,254,255,249,250,35805
2006-01-07,249,249,242,242,51656
2006-01-08,244,247,243,246,31093
2006-01-09,249,256,249,256,32390
2006-01-10,256,257,252,254,26146
2006-01-11,261,267,252,260,21010
